{
  "dataset": "ECG5000",
  "mode": "ecd",
  "data_version": "original",
  "seed": 0,
  "m": 100,
  "control_limit_h_star": 0.3209885299241928,
  "phase1": {
    "stream": "train_incontrol",
    "target_ARL0": 20.0,
    "ARL0_h_star": 20.054852320675106,
    "SDRL0_h_star": 32.365717586817816,
    "SE_ARL0_h_star": 1.023493856801128
  },
  "phase2": {
    "test_incontrol": {
      "ARL": 18.57277486910995,
      "SDRL": 30.8457854082858,
      "SE": 0.9754293810696996,
      "N": 1000,
      "N0": 955,
      "N_plus": 45
    },
    "test_outcontrol": {
      "ARL": 1.67,
      "SDRL": 0.6205642593640082,
      "SE": 0.01962396494085739,
      "N": 1000,
      "N0": 1000,
      "N_plus": 0
    }
  }
}