{
  "dataset": "ECG5000",
  "mode": "ecd",
  "data_version": "original",
  "seed": 7,
  "m": 100,
  "control_limit_h_star": 0.3363654819077475,
  "phase1": {
    "stream": "train_incontrol",
    "target_ARL0": 20.0,
    "ARL0_h_star": 19.997894736842106,
    "SDRL0_h_star": 31.30718671752869,
    "SE_ARL0_h_star": 1.400099953693453
  },
  "phase2": {
    "test_incontrol": {
      "ARL": 20.185263157894735,
      "SDRL": 32.05803988595746,
      "SE": 1.4336791282080097,
      "N": 500,
      "N0": 475,
      "N_plus": 25
    },
    "test_outcontrol": {
      "ARL": 1.786,
      "SDRL": 0.6694803955307427,
      "SE": 0.02994007348020374,
      "N": 500,
      "N0": 500,
      "N_plus": 0
    }
  }
}