{
  "dataset": "ecg5000",
  "mode": "ecd",
  "data_version": "shift20",
  "seed": 1,
  "m": 100,
  "control_limit_h_star": 0.31377261399695733,
  "phase1": {
    "stream": "train_incontrol",
    "target_ARL0": 20.0,
    "ARL0_h_star": 19.955649419218584,
    "SDRL0_h_star": 32.025168644932236,
    "SE_ARL0_h_star": 1.0127247536899406
  },
  "phase2": {
    "test_incontrol": {
      "ARL": 18.038541666666667,
      "SDRL": 29.412934854620552,
      "SE": 0.9301186681075445,
      "N": 1000,
      "N0": 960,
      "N_plus": 40
    },
    "test_outcontrol": {
      "ARL": 2.557,
      "SDRL": 1.2226000981514764,
      "SE": 0.03866200977704082,
      "N": 1000,
      "N0": 1000,
      "N_plus": 0
    }
  }
}