{
  "dataset": "ECG5000",
  "mode": "dtw",
  "data_version": "original",
  "seed": 2025,
  "m": 100,
  "control_limit_h_star": 0.34469532505706013,
  "phase1": {
    "stream": "train_incontrol",
    "target_ARL0": 20.0,
    "ARL0_h_star": 20.007314524555905,
    "SDRL0_h_star": 30.255371703845185,
    "SE_ARL0_h_star": 0.6765306781432147
  },
  "phase2": {
    "test_incontrol": {
      "ARL": 19.556544502617804,
      "SDRL": 30.23408840525498,
      "SE": 0.6760547691188834,
      "N": 2000,
      "N0": 1910,
      "N_plus": 90
    },
    "test_outcontrol": {
      "ARL": 2.459,
      "SDRL": 0.9541063881978777,
      "SE": 0.021334467417772576,
      "N": 2000,
      "N0": 2000,
      "N_plus": 0
    }
  }
}