{
  "dataset": "ECG5000",
  "stream": "train_incontrol",
  "mode": "ecd",
  "data_version": "original",
  "seed": 6,
  "m": 100,
  "target_ARL0": 20,
  "h_star": 0.3486672574997485,
  "ARL0_h_star": 20.033898305084747,
  "SDRL_h_star": 32.67473522954963,
  "SE_ARL0_h_star": 1.4612585824016033,
  "rep_start": 0,
  "rep_end": 499
}