{
  "dataset": "ECG5000",
  "stream": "train_incontrol",
  "mode": "dtw",
  "data_version": "original",
  "seed": 10,
  "m": 100,
  "target_ARL0": 20,
  "h_star": 0.3516010212269051,
  "ARL0_h_star": 19.962382445141067,
  "SDRL_h_star": 30.89066462066854,
  "SE_ARL0_h_star": 0.9768485863769385,
  "rep_start": 0,
  "rep_end": 999
}