{
  "dataset": "ECG5000",
  "stream": "train_incontrol",
  "mode": "ecd",
  "data_version": "original",
  "seed": 9,
  "m": 100,
  "target_ARL0": 20,
  "h_star": 0.3218220304668432,
  "ARL0_h_star": 20.0188679245283,
  "SDRL_h_star": 31.854412746239362,
  "SE_ARL0_h_star": 1.4245726456785393,
  "rep_start": 0,
  "rep_end": 499
}