{
  "dataset": "ECG5000",
  "stream": "train_incontrol",
  "mode": "ecd",
  "data_version": "original",
  "seed": 2025,
  "m": 100,
  "target_ARL0": 20,
  "h_star": 0.33253367994229455,
  "ARL0_h_star": 19.986862848134525,
  "SDRL_h_star": 31.88452802027461,
  "SE_ARL0_h_star": 0.7129597208383082,
  "rep_start": 0,
  "rep_end": 1999
}