{
  "dataset": "ecg5000",
  "stream": "train_incontrol",
  "mode": "ecd",
  "data_version": "shift10",
  "seed": 10,
  "m": 100,
  "target_ARL0": 20,
  "h_star": 0.3184857032564662,
  "ARL0_h_star": 19.97659574468085,
  "SDRL_h_star": 33.01264480568841,
  "SE_ARL0_h_star": 1.4763703580514924,
  "rep_start": 0,
  "rep_end": 499
}