{
  "dataset": "ECG5000",
  "stream": "train_incontrol",
  "mode": "ecd",
  "data_version": "original",
  "seed": 8,
  "m": 100,
  "target_ARL0": 20,
  "h_star": 0.33638553732499954,
  "ARL0_h_star": 20.0,
  "SDRL_h_star": 29.600311201683578,
  "SE_ARL0_h_star": 1.3237661600422592,
  "rep_start": 0,
  "rep_end": 499
}