{
  "dataset": "ecg5000",
  "stream": "train_incontrol",
  "mode": "ecd",
  "data_version": "shift10",
  "seed": 1,
  "m": 100,
  "target_ARL0": 20,
  "h_star": 0.31199442238761443,
  "ARL0_h_star": 19.91823899371069,
  "SDRL_h_star": 31.468053438282443,
  "SE_ARL0_h_star": 1.4072941321519103,
  "rep_start": 0,
  "rep_end": 499
}