{
  "dataset": "ECG5000",
  "stream": "train_incontrol",
  "mode": "ecd",
  "data_version": "original",
  "seed": 10,
  "m": 100,
  "target_ARL0": 20,
  "h_star": 0.34733476035611033,
  "ARL0_h_star": 19.998955067920587,
  "SDRL_h_star": 31.035659076531914,
  "SE_ARL0_h_star": 0.9814337136631887,
  "rep_start": 0,
  "rep_end": 999
}