{
  "dataset": "ECG5000",
  "stream": "train_incontrol",
  "mode": "ecd",
  "data_version": "original",
  "seed": 4,
  "m": 100,
  "target_ARL0": 20,
  "h_star": 0.32725891447330424,
  "ARL0_h_star": 20.014690451206718,
  "SDRL_h_star": 31.54962254386015,
  "SE_ARL0_h_star": 0.9976866655719363,
  "rep_start": 0,
  "rep_end": 999
}