{
  "dataset": "ecg5000",
  "stream": "train_incontrol",
  "mode": "ecd",
  "data_version": "shift20",
  "seed": 8,
  "m": 100,
  "target_ARL0": 20,
  "h_star": 0.31388984706089684,
  "ARL0_h_star": 19.9916142557652,
  "SDRL_h_star": 31.235273831154707,
  "SE_ARL0_h_star": 0.9877460864550252,
  "rep_start": 0,
  "rep_end": 999
}