{
  "dataset": "wafer",
  "stream": "train_incontrol",
  "mode": "ecd",
  "data_version": "original",
  "seed": 9,
  "m": 100,
  "target_ARL0": 20,
  "h_star": 0.3150607874451784,
  "ARL0_h_star": 19.991525423728813,
  "SDRL_h_star": 32.520056017453896,
  "SE_ARL0_h_star": 1.0283744665141874,
  "rep_start": 0,
  "rep_end": 999
}